f_means10,f_means20,f_means30,f_means40,f_means50,f_means60,f_means70,f_means80,f_means90,f_means100
3.5707859078590785,3.4688755760368664,3.0988853211009175,3.3891923076923076,2.974338095238095,3.1645751072961374,2.6884099616858235,2.435572327044025,2.2307409638554216,2.1342851711026616
384.4358008130081,381.8744147465437,367.06698623853214,364.04410989010984,368.32802857142855,370.5304077253219,357.6929003831418,353.99038050314465,350.42194277108433,347.3413840304183
3.8536585365853657,3.8110599078341014,4.045871559633028,3.659340659340659,4.095238095238095,3.9527896995708156,3.9233716475095783,4.069182389937107,4.186746987951807,4.23574144486692
0.8360433604336044,0.9631336405529954,0.9495412844036697,0.9230769230769231,1.1,1.2360515021459229,1.1226053639846743,1.3081761006289307,1.2680722891566265,1.258555133079848
5.136856368563685,4.852534562211981,4.605504587155964,4.263736263736264,4.671428571428572,4.686695278969957,4.187739463601533,4.1918238993710695,4.36144578313253,4.2889733840304185
3.4782411924119243,3.294847926267281,2.9761880733944954,3.254708791208791,2.8365666666666667,2.932030042918455,2.512095785440613,2.294292452830189,2.02133734939759,1.9314626108998731
77.1071815718157,75.64940092165898,78.58600917431193,74.14296703296704,79.01547619047619,78.08347639484978,77.95950191570881,81.78996855345912,83.96725903614457,83.63589353612167
