f_means10,f_means20,f_means30,f_means40,f_means50,f_means60,f_means70,f_means80,f_means90,f_means100
3.396845353159851,3.090751968503937,3.0745022831050224,2.8544920634920636,2.683417910447761,2.5209637305699486,2.29673,2.3149375,1.8764262295081966,2.1253317191283294
371.27370111524164,366.6654881889763,363.6135479452055,365.5570423280423,365.8820298507463,354.2877668393782,356.36507,354.8318666666666,350.02598770491795,358.0679322033898
3.782899628252788,3.909448818897638,3.9086757990867578,3.9523809523809526,4.009950248756219,4.072538860103627,4.195,4.191666666666666,4.422131147540983,4.479418886198547
0.8691449814126394,0.9606299212598425,1.1415525114155252,1.0687830687830688,1.2935323383084578,1.150259067357513,1.34,1.3791666666666667,1.4426229508196722,1.3196125907990315
4.903345724907063,4.519685039370079,4.337899543378995,4.1005291005291005,4.482587064676617,4.233160621761658,4.435,4.266666666666667,4.258196721311475,4.404358353510895
3.282244609665428,2.9868622047244093,2.929716894977169,2.684455026455027,2.578407960199005,2.3434455958549223,2.049485,2.0768916666666666,1.6701024590163933,1.872951573849879
74.96776951672862,75.28145669291338,76.0166210045662,78.86322751322751,82.22915422885573,82.35751295336787,84.0369,82.81899999999999,87.8136475409836,89.38624697336563
